dataset_split,model,representation,accuracy
train: Reddit / test: Twitter,MultinomialNB,TF-IDF,0.6674287891778603
train: Twitter / test: Reddit,MultinomialNB,TF-IDF,0.8000697431128676
train/test 80/20 split,MultinomialNB,TF-IDF,0.8109947643979057
train: Reddit / test: Twitter,Logistic Regression,TF-IDF,0.7370677336381823
train: Reddit / test: Twitter,SVM,TF-IDF,0.7304944269791369
train: Twitter / test: Reddit,Logistic Regression,TF-IDF,0.7927467162617692
train: Twitter / test: Reddit,SVM,TF-IDF,0.8029757061490178
train/test 80/20 split,Logistic Regression,TF-IDF,0.8667539267015707
train/test 80/20 split,SVM,TF-IDF,0.881413612565445
train: Reddit / test: Twitter,Logistic Regression,Doc2Vec,0.6270362960845955
train: Reddit / test: Twitter,SVM,Doc2Vec,0.6106506620939316
train: Twitter / test: Reddit,Logistic Regression,Doc2Vec,0.7703126816226897
train: Twitter / test: Reddit,SVM,Doc2Vec,0.54818086713937
train/test 80/20 split,Logistic Regression,Doc2Vec,0.768586387434555
train/test 80/20 split,SVM,Doc2Vec,0.8068062827225131
train/test 80/20 split,Transformer,Tokenizer,0.9649214659685864
